<?xml version="1.0" encoding="UTF-8"?><MD_Metadata xmlns:xlink="http://www.w3.org/1999/xlink" xmlns:srv="http://www.isotc211.org/2005/srv" xmlns:gts="http://www.isotc211.org/2005/gts" xmlns:xalan="http://xml.apache.org/xalan" xmlns:gco="http://www.isotc211.org/2005/gco" xmlns:gml="http://www.opengis.net/gml" xmlns:xsi="http://www.w3.org/2001/XMLSchema-instance" xmlns="http://www.isotc211.org/2005/gmd">
<fileIdentifier>
<gco:CharacterString>1461773073148r34029008434813823</gco:CharacterString>
</fileIdentifier>
<language>
<LanguageCode codeList="http://www.loc.gov/standards/iso639-2/php/code_list.php" codeListValue="eng" codeSpace="ISO639-2">eng</LanguageCode>
</language>
<characterSet>
<MD_CharacterSetCode codeList="http://www.isotc211.org/2005/resources/Codelist/gmxCodelists.xml#MD_CharacterSetCode" codeListValue="utf8" codeSpace="ISOTC211/19115">utf8</MD_CharacterSetCode>
</characterSet>
<hierarchyLevel>
<MD_ScopeCode codeList="http://www.isotc211.org/2005/resources/Codelist/gmxCodelists.xml#MD_ScopeCode" codeListValue="dataset" codeSpace="ISOTC211/19115">dataset</MD_ScopeCode>
</hierarchyLevel>
<hierarchyLevelName>
<gco:CharacterString>dataset</gco:CharacterString>
</hierarchyLevelName>
<contact>
<CI_ResponsibleParty>
<individualName>
<gco:CharacterString>GIS Division</gco:CharacterString>
</individualName>
<organisationName>
<gco:CharacterString>City of Asheville</gco:CharacterString>
</organisationName>
<positionName>
<gco:CharacterString>GIS Analyst</gco:CharacterString>
</positionName>
<contactInfo>
<CI_Contact>
<phone>
<CI_Telephone>
<voice>
<gco:CharacterString>(828)259-5510</gco:CharacterString>
</voice>
<facsimile>
<gco:CharacterString>(828) 259-5509</gco:CharacterString>
</facsimile>
</CI_Telephone>
</phone>
<address>
<CI_Address>
<deliveryPoint>
<gco:CharacterString>70 Court Plaza</gco:CharacterString>
</deliveryPoint>
<city>
<gco:CharacterString>Asheville</gco:CharacterString>
</city>
<administrativeArea>
<gco:CharacterString>NC</gco:CharacterString>
</administrativeArea>
<postalCode>
<gco:CharacterString>28802</gco:CharacterString>
</postalCode>
<electronicMailAddress>
<gco:CharacterString>webgis@ashevillenc.gov</gco:CharacterString>
</electronicMailAddress>
</CI_Address>
</address>
<contactInstructions>
<gco:CharacterString>http://www.ashevillenc.gov</gco:CharacterString>
</contactInstructions>
</CI_Contact>
</contactInfo>
<role>
<CI_RoleCode codeList="http://www.isotc211.org/2005/resources/Codelist/gmxCodelists.xml#CI_RoleCode" codeListValue="pointOfContact" codeSpace="ISOTC211/19115">pointOfContact</CI_RoleCode>
</role>
</CI_ResponsibleParty>
</contact>
<dateStamp>
<gco:Date>2011-09-26</gco:Date>
</dateStamp>
<metadataStandardName>
<gco:CharacterString>ISO 19139 Geographic Information - Metadata - Implementation Specification</gco:CharacterString>
</metadataStandardName>
<metadataStandardVersion>
<gco:CharacterString>2007</gco:CharacterString>
</metadataStandardVersion>
<spatialRepresentationInfo>
<MD_VectorSpatialRepresentation>
<topologyLevel>
<MD_TopologyLevelCode codeList="http://www.isotc211.org/2005/resources/Codelist/gmxCodelists.xml#MD_TopologyLevelCode" codeListValue="geometryOnly" codeSpace="ISOTC211/19115">geometryOnly</MD_TopologyLevelCode>
</topologyLevel>
<geometricObjects>
<MD_GeometricObjects>
<geometricObjectType>
<MD_GeometricObjectTypeCode codeList="http://www.isotc211.org/2005/resources/Codelist/gmxCodelists.xml#MD_GeometricObjectTypeCode" codeListValue="composite" codeSpace="ISOTC211/19115">composite</MD_GeometricObjectTypeCode>
</geometricObjectType>
<geometricObjectCount>
<gco:Integer>9599</gco:Integer>
</geometricObjectCount>
</MD_GeometricObjects>
</geometricObjects>
</MD_VectorSpatialRepresentation>
</spatialRepresentationInfo>
<referenceSystemInfo>
<MD_ReferenceSystem>
<referenceSystemIdentifier>
<RS_Identifier>
<code>
<gco:CharacterString>2264</gco:CharacterString>
</code>
<codeSpace>
<gco:CharacterString>EPSG</gco:CharacterString>
</codeSpace>
<version>
<gco:CharacterString>7.4.1</gco:CharacterString>
</version>
</RS_Identifier>
</referenceSystemIdentifier>
</MD_ReferenceSystem>
</referenceSystemInfo>
<identificationInfo>
<MD_DataIdentification>
<citation>
<CI_Citation>
<title>
<gco:CharacterString>Sidewalks</gco:CharacterString>
</title>
<date>
<CI_Date>
<date>
<gco:Date>2010-06-17</gco:Date>
</date>
<dateType>
<CI_DateTypeCode codeList="http://www.isotc211.org/2005/resources/Codelist/gmxCodelists.xml#CI_DateTypeCode" codeListValue="publication" codeSpace="ISOTC211/19115">publication</CI_DateTypeCode>
</dateType>
</CI_Date>
</date>
<citedResponsibleParty>
<CI_ResponsibleParty>
<organisationName>
<gco:CharacterString>City of Asheville</gco:CharacterString>
</organisationName>
<role>
<CI_RoleCode codeList="http://www.isotc211.org/2005/resources/Codelist/gmxCodelists.xml#CI_RoleCode" codeListValue="originator" codeSpace="ISOTC211/19115">originator</CI_RoleCode>
</role>
</CI_ResponsibleParty>
</citedResponsibleParty>
<citedResponsibleParty>
<CI_ResponsibleParty>
<organisationName>
<gco:CharacterString>City of Asheville, NC</gco:CharacterString>
</organisationName>
<contactInfo>
<CI_Contact>
<address>
<CI_Address>
<deliveryPoint>
<gco:CharacterString>Asheville, NC</gco:CharacterString>
</deliveryPoint>
</CI_Address>
</address>
</CI_Contact>
</contactInfo>
<role>
<CI_RoleCode codeList="http://www.isotc211.org/2005/resources/Codelist/gmxCodelists.xml#CI_RoleCode" codeListValue="publisher" codeSpace="ISOTC211/19115">publisher</CI_RoleCode>
</role>
</CI_ResponsibleParty>
</citedResponsibleParty>
<presentationForm>
<CI_PresentationFormCode codeList="http://www.isotc211.org/2005/resources/Codelist/gmxCodelists.xml#CI_PresentationFormCode" codeListValue="mapDigital" codeSpace="ISOTC211/19115">mapDigital</CI_PresentationFormCode>
</presentationForm>
</CI_Citation>
</citation>
<abstract>
<gco:CharacterString>This feature class contains sidewalks, crosswalks, and other public or semi-public pedestrian pathways and connections within the City of Asheville (COA) Corporate Limits.</gco:CharacterString>
</abstract>
<purpose>
<gco:CharacterString>Developed for purposes of reporting, CIP planning and navigation.</gco:CharacterString>
</purpose>
<status>
<MD_ProgressCode codeList="http://www.isotc211.org/2005/resources/Codelist/gmxCodelists.xml#MD_ProgressCode" codeListValue="underDevelopment" codeSpace="ISOTC211/19115">underDevelopment</MD_ProgressCode>
</status>
<pointOfContact>
<CI_ResponsibleParty>
<organisationName>
<gco:CharacterString>City of Asheville</gco:CharacterString>
</organisationName>
<positionName>
<gco:CharacterString>GIS Analyst - IT Services</gco:CharacterString>
</positionName>
<contactInfo>
<CI_Contact>
<phone>
<CI_Telephone>
<voice>
<gco:CharacterString>(828) 259-5510</gco:CharacterString>
</voice>
<facsimile>
<gco:CharacterString>(828) 259-5509</gco:CharacterString>
</facsimile>
</CI_Telephone>
</phone>
<address>
<CI_Address>
<deliveryPoint>
<gco:CharacterString>70 Court Plaza</gco:CharacterString>
</deliveryPoint>
<city>
<gco:CharacterString>Asheville</gco:CharacterString>
</city>
<administrativeArea>
<gco:CharacterString>NC</gco:CharacterString>
</administrativeArea>
<postalCode>
<gco:CharacterString>28802</gco:CharacterString>
</postalCode>
<electronicMailAddress>
<gco:CharacterString>webgis@ashevillenc.gov</gco:CharacterString>
</electronicMailAddress>
</CI_Address>
</address>
<contactInstructions>
<gco:CharacterString>http://www.ashevillenc.gov</gco:CharacterString>
</contactInstructions>
</CI_Contact>
</contactInfo>
<role>
<CI_RoleCode codeList="http://www.isotc211.org/2005/resources/Codelist/gmxCodelists.xml#CI_RoleCode" codeListValue="pointOfContact" codeSpace="ISOTC211/19115">pointOfContact</CI_RoleCode>
</role>
</CI_ResponsibleParty>
</pointOfContact>
<resourceMaintenance>
<MD_MaintenanceInformation>
<maintenanceAndUpdateFrequency>
<MD_MaintenanceFrequencyCode codeList="http://www.isotc211.org/2005/resources/Codelist/gmxCodelists.xml#MD_MaintenanceFrequencyCode" codeListValue="asNeeded" codeSpace="ISOTC211/19115">asNeeded</MD_MaintenanceFrequencyCode>
</maintenanceAndUpdateFrequency>
</MD_MaintenanceInformation>
</resourceMaintenance>
<descriptiveKeywords>
<MD_Keywords>
<keyword>
<gco:CharacterString>North Carolina</gco:CharacterString>
</keyword>
<keyword>
<gco:CharacterString>Buncombe</gco:CharacterString>
</keyword>
<keyword>
<gco:CharacterString>Asheville</gco:CharacterString>
</keyword>
<type>
<MD_KeywordTypeCode codeList="http://www.isotc211.org/2005/resources/Codelist/gmxCodelists.xml#MD_KeywordTypeCode" codeListValue="place" codeSpace="ISOTC211/19115">place</MD_KeywordTypeCode>
</type>
</MD_Keywords>
</descriptiveKeywords>
<descriptiveKeywords>
<MD_Keywords>
<keyword>
<gco:CharacterString>North Carolina</gco:CharacterString>
</keyword>
<keyword>
<gco:CharacterString>Buncombe</gco:CharacterString>
</keyword>
<keyword>
<gco:CharacterString>Asheville</gco:CharacterString>
</keyword>
<type>
<MD_KeywordTypeCode codeList="http://www.isotc211.org/2005/resources/Codelist/gmxCodelists.xml#MD_KeywordTypeCode" codeListValue="place" codeSpace="ISOTC211/19115">place</MD_KeywordTypeCode>
</type>
</MD_Keywords>
</descriptiveKeywords>
<descriptiveKeywords>
<MD_Keywords>
<keyword>
<gco:CharacterString>North Carolina</gco:CharacterString>
</keyword>
<keyword>
<gco:CharacterString>Buncombe</gco:CharacterString>
</keyword>
<keyword>
<gco:CharacterString>Asheville</gco:CharacterString>
</keyword>
<type>
<MD_KeywordTypeCode codeList="http://www.isotc211.org/2005/resources/Codelist/gmxCodelists.xml#MD_KeywordTypeCode" codeListValue="place" codeSpace="ISOTC211/19115">place</MD_KeywordTypeCode>
</type>
</MD_Keywords>
</descriptiveKeywords>
<descriptiveKeywords>
<MD_Keywords>
<keyword>
<gco:CharacterString>Sidewalks</gco:CharacterString>
</keyword>
<keyword>
<gco:CharacterString>Transportation</gco:CharacterString>
</keyword>
<keyword>
<gco:CharacterString>Pedestrian</gco:CharacterString>
</keyword>
<type>
<MD_KeywordTypeCode codeList="http://www.isotc211.org/2005/resources/Codelist/gmxCodelists.xml#MD_KeywordTypeCode" codeListValue="theme" codeSpace="ISOTC211/19115">theme</MD_KeywordTypeCode>
</type>
</MD_Keywords>
</descriptiveKeywords>
<descriptiveKeywords>
<MD_Keywords>
<keyword>
<gco:CharacterString>Sidewalks</gco:CharacterString>
</keyword>
<keyword>
<gco:CharacterString>Transportation</gco:CharacterString>
</keyword>
<keyword>
<gco:CharacterString>Pedestrian</gco:CharacterString>
</keyword>
<type>
<MD_KeywordTypeCode codeList="http://www.isotc211.org/2005/resources/Codelist/gmxCodelists.xml#MD_KeywordTypeCode" codeListValue="theme" codeSpace="ISOTC211/19115">theme</MD_KeywordTypeCode>
</type>
</MD_Keywords>
</descriptiveKeywords>
<descriptiveKeywords>
<MD_Keywords>
<keyword>
<gco:CharacterString>Sidewalks</gco:CharacterString>
</keyword>
<keyword>
<gco:CharacterString>Transportation</gco:CharacterString>
</keyword>
<keyword>
<gco:CharacterString>Pedestrian</gco:CharacterString>
</keyword>
<type>
<MD_KeywordTypeCode codeList="http://www.isotc211.org/2005/resources/Codelist/gmxCodelists.xml#MD_KeywordTypeCode" codeListValue="theme" codeSpace="ISOTC211/19115">theme</MD_KeywordTypeCode>
</type>
</MD_Keywords>
</descriptiveKeywords>
<descriptiveKeywords>
<MD_Keywords>
<keyword>
<gco:CharacterString>Downloadable Data</gco:CharacterString>
</keyword>
<thesaurusName uuidref="723f6998-058e-11dc-8314-0800200c9a66"/>
</MD_Keywords>
</descriptiveKeywords>
<resourceConstraints>
<MD_LegalConstraints>
<accessConstraints>
<MD_RestrictionCode codeList="http://www.isotc211.org/2005/resources/Codelist/gmxCodelists.xml#MD_RestrictionCode" codeListValue="otherRestrictions" codeSpace="ISOTC211/19115">otherRestrictions</MD_RestrictionCode>
</accessConstraints>
<otherConstraints>
<gco:CharacterString>Access constraints: This data has been developed using public funds. The data is therefore in the public domain. Requestors agree that they will not sell this data, will not sell access to the data, nor will they provide for such to be sold except as allowed in NC General Statutes Chapter 132. As a condition of providing electronic GIS data, the City of Asheville reserves the right to require that the data requester agree in writing that the data will not be resold or otherwise used for trade or commercial purposes. The City of Asheville reserves the right to license clients to reproduce GIS data for royalty fees based on the resale of the data and or based on a reciprocal agreement of products, services, or data.</gco:CharacterString>
</otherConstraints>
</MD_LegalConstraints>
</resourceConstraints>
<resourceConstraints>
<MD_LegalConstraints>
<useConstraints>
<MD_RestrictionCode codeList="http://www.isotc211.org/2005/resources/Codelist/gmxCodelists.xml#MD_RestrictionCode" codeListValue="otherRestrictions" codeSpace="ISOTC211/19115">otherRestrictions</MD_RestrictionCode>
</useConstraints>
<otherConstraints>
<gco:CharacterString>Use constraints: The City of Asheville acquires, develops, maintains and uses GIS data in support of its internal business functions and the public services it provides. The GIS data which the City of Asheville distributes and to which it provides access may not be suitable for other purposes or uses. It is the requestor's responsibility to verify any information derived from the GIS data before making any decisions or taking any actions based on the information. The City of Asheville shall not be held liable for any errors in the GIS data. This includes errors of omission, commission, errors concerning the content of the data, and relative and positional accuracy of the data. Source information used for these data may have been collected at different scales, times or definitions, resulting in inconsistencies among features represented together on this map. Primary sources from which these data were compiled must be consulted for verification of information contained in the data. The City of Asheville will not re-distribute data developed from other organizations. Parcel data was prepared for the inventory of real property found within this jurisdiction, and is compiled from recorded deeds, plats, and other public records and data. Users of the data are hereby notified that the aforementioned public primary information sources should be consulted for verification of the information. The City of Asheville assumes no legal responsibility for this information. Data are presented using the North Carolina State Plane Coordinate System 1983 North American Datum. Horizontal measurement units are in feet.</gco:CharacterString>
</otherConstraints>
</MD_LegalConstraints>
</resourceConstraints>
<resourceConstraints>
<MD_SecurityConstraints>
<classification gco:nilReason="missing"/>
<classificationSystem>
<gco:CharacterString>FIPS Pub 199</gco:CharacterString>
</classificationSystem>
<handlingDescription>
<gco:CharacterString>Standard Technical Controls</gco:CharacterString>
</handlingDescription>
</MD_SecurityConstraints>
</resourceConstraints>
<spatialRepresentationType>
<MD_SpatialRepresentationTypeCode codeList="http://www.isotc211.org/2005/resources/Codelist/gmxCodelists.xml#MD_SpatialRepresentationTypeCode" codeListValue="vector" codeSpace="ISOTC211/19115">vector</MD_SpatialRepresentationTypeCode>
</spatialRepresentationType>
<language>
<LanguageCode codeList="http://www.loc.gov/standards/iso639-2/php/code_list.php" codeListValue="eng" codeSpace="ISO639-2">eng</LanguageCode>
</language>
<characterSet>
<MD_CharacterSetCode codeList="http://www.isotc211.org/2005/resources/Codelist/gmxCodelists.xml#MD_CharacterSetCode" codeListValue="utf8" codeSpace="ISOTC211/19115">utf8</MD_CharacterSetCode>
</characterSet>
<topicCategory>
<MD_TopicCategoryCode>transportation</MD_TopicCategoryCode>
</topicCategory>
<environmentDescription>
<gco:CharacterString>Microsoft Windows XP Version 5.1 (Build 2600) Service Pack 3; ESRI ArcGIS 10.0.0.2414</gco:CharacterString>
</environmentDescription>
<extent>
<EX_Extent>
<geographicElement>
<EX_GeographicBoundingBox>
<extentTypeCode>
<gco:Boolean>true</gco:Boolean>
</extentTypeCode>
<westBoundLongitude>
<gco:Decimal>-82.691746</gco:Decimal>
</westBoundLongitude>
<eastBoundLongitude>
<gco:Decimal>-82.457198</gco:Decimal>
</eastBoundLongitude>
<southBoundLatitude>
<gco:Decimal>35.426512</gco:Decimal>
</southBoundLatitude>
<northBoundLatitude>
<gco:Decimal>35.644377</gco:Decimal>
</northBoundLatitude>
</EX_GeographicBoundingBox>
</geographicElement>
</EX_Extent>
</extent>
<extent>
<EX_Extent>
<description>
<gco:CharacterString>publication date</gco:CharacterString>
</description>
<geographicElement>
<EX_GeographicBoundingBox>
<extentTypeCode>
<gco:Boolean>true</gco:Boolean>
</extentTypeCode>
<westBoundLongitude>
<gco:Decimal>-180</gco:Decimal>
</westBoundLongitude>
<eastBoundLongitude>
<gco:Decimal>180</gco:Decimal>
</eastBoundLongitude>
<southBoundLatitude>
<gco:Decimal>-90</gco:Decimal>
</southBoundLatitude>
<northBoundLatitude>
<gco:Decimal>90</gco:Decimal>
</northBoundLatitude>
</EX_GeographicBoundingBox>
</geographicElement>
<temporalElement>
<EX_TemporalExtent>
<extent>
<gml:TimeInstant gml:id="N65730">
<gml:timePosition>2010-06-17</gml:timePosition>
</gml:TimeInstant>
</extent>
</EX_TemporalExtent>
</temporalElement>
</EX_Extent>
</extent>
</MD_DataIdentification>
</identificationInfo>
<distributionInfo>
<MD_Distribution>
<distributionFormat>
<MD_Format>
<name>
<gco:CharacterString>Shapefile</gco:CharacterString>
</name>
<version gco:nilReason="missing"/>
</MD_Format>
</distributionFormat>
<transferOptions>
<MD_DigitalTransferOptions>
<transferSize>
<gco:Real>1.482</gco:Real>
</transferSize>
</MD_DigitalTransferOptions>
</transferOptions>
</MD_Distribution>
</distributionInfo>
<dataQualityInfo>
<DQ_DataQuality>
<scope>
<DQ_Scope>
<level>
<MD_ScopeCode codeList="http://www.isotc211.org/2005/resources/Codelist/gmxCodelists.xml#MD_ScopeCode" codeListValue="dataset" codeSpace="ISOTC211/19115">dataset</MD_ScopeCode>
</level>
</DQ_Scope>
</scope>
<lineage>
<LI_Lineage>
<processStep>
<LI_ProcessStep>
<description>
<gco:CharacterString>Checked arc-node topology by verifying that there are no dangling lines. Unintentional dangling lines were corrected.</gco:CharacterString>
</description>
<dateTime>
<gco:DateTime>2010-04-29T00:00:00</gco:DateTime>
</dateTime>
</LI_ProcessStep>
</processStep>
<processStep>
<LI_ProcessStep>
<description>
<gco:CharacterString>Created line feature class by digitizing sidewalks as seen on the the 2006 digital orthophotography at a scale of 1:240 or greater within the COA. The line features are seperated into seven subtypes</gco:CharacterString>
</description>
<dateTime>
<gco:DateTime>2010-07-07T00:00:00</gco:DateTime>
</dateTime>
</LI_ProcessStep>
</processStep>
<processStep>
<LI_ProcessStep>
<description>
<gco:CharacterString>Used Google street view to identify segments of sidewalk, which were either obstructed in the 2006 digital orthophotography or had been modified since the 2006 imagery was taken.</gco:CharacterString>
</description>
<dateTime>
<gco:DateTime>2010-70-01T00:00:00</gco:DateTime>
</dateTime>
</LI_ProcessStep>
</processStep>
<source>
<LI_Source>
<description>
<gco:CharacterString>Sidewalk presence was used to help identify where existing sidewalks locations were known</gco:CharacterString>
</description>
<sourceCitation>
<CI_Citation>
<title>
<gco:CharacterString>Sidewalk Presence</gco:CharacterString>
</title>
<date gco:nilReason="missing"/>
</CI_Citation>
</sourceCitation>
</LI_Source>
</source>
<source>
<LI_Source>
<description>
<gco:CharacterString>2006 digital orthophotography was used to determine the proper location for sidewalk segments that travel through the COA. This process was done through on-screen digitizing in ArcMap 9.3.</gco:CharacterString>
</description>
<sourceCitation>
<CI_Citation>
<title>
<gco:CharacterString>Buncombe County 2006 Digital Orthophotography</gco:CharacterString>
</title>
<date>
<CI_Date>
<date>
<gco:Date>2006-04-01</gco:Date>
</date>
<dateType>
<CI_DateTypeCode codeList="http://www.isotc211.org/2005/resources/Codelist/gmxCodelists.xml#CI_DateTypeCode" codeListValue="publication" codeSpace="ISOTC211/19115">publication</CI_DateTypeCode>
</dateType>
</CI_Date>
</date>
</CI_Citation>
</sourceCitation>
</LI_Source>
</source>
<source>
<LI_Source>
<description>
<gco:CharacterString>Google street view was used to help identify sidewalk segments that could not be seen in the 2006 digital orthophotography.</gco:CharacterString>
</description>
<sourceCitation>
<CI_Citation>
<title>
<gco:CharacterString>Google Street View</gco:CharacterString>
</title>
<date>
<CI_Date>
<date>
<gco:Date>2010-01-01</gco:Date>
</date>
<dateType>
<CI_DateTypeCode codeList="http://www.isotc211.org/2005/resources/Codelist/gmxCodelists.xml#CI_DateTypeCode" codeListValue="publication" codeSpace="ISOTC211/19115">publication</CI_DateTypeCode>
</dateType>
</CI_Date>
</date>
</CI_Citation>
</sourceCitation>
</LI_Source>
</source>
<source>
<LI_Source>
<description>
<gco:CharacterString>Needed sidewalk segments identified "fee-in-lieu" areas in the COA.</gco:CharacterString>
</description>
<sourceCitation>
<CI_Citation>
<title>
<gco:CharacterString>Needed_Sidewalk_Segments</gco:CharacterString>
</title>
<date>
<CI_Date>
<date>
<gco:Date>2010-04-13</gco:Date>
</date>
<dateType>
<CI_DateTypeCode codeList="http://www.isotc211.org/2005/resources/Codelist/gmxCodelists.xml#CI_DateTypeCode" codeListValue="publication" codeSpace="ISOTC211/19115">publication</CI_DateTypeCode>
</dateType>
</CI_Date>
</date>
</CI_Citation>
</sourceCitation>
</LI_Source>
</source>
<source>
<LI_Source>
<description>
<gco:CharacterString>Index2002_Clip was used to determine the boundary of the City of Asheville.</gco:CharacterString>
</description>
<sourceCitation>
<CI_Citation>
<title>
<gco:CharacterString>Index2002</gco:CharacterString>
</title>
<date>
<CI_Date>
<date>
<gco:Date>2010-07-06</gco:Date>
</date>
<dateType>
<CI_DateTypeCode codeList="http://www.isotc211.org/2005/resources/Codelist/gmxCodelists.xml#CI_DateTypeCode" codeListValue="publication" codeSpace="ISOTC211/19115">publication</CI_DateTypeCode>
</dateType>
</CI_Date>
</date>
</CI_Citation>
</sourceCitation>
</LI_Source>
</source>
<source>
<LI_Source>
<description>
<gco:CharacterString>Buncombe county property boundaries was used in identifiying city owned property including parks, schools, and sidewalks.</gco:CharacterString>
</description>
<sourceCitation>
<CI_Citation>
<title>
<gco:CharacterString>Buncombe County Property</gco:CharacterString>
</title>
<date>
<CI_Date>
<date>
<gco:Date>2008-01-01</gco:Date>
</date>
<dateType>
<CI_DateTypeCode codeList="http://www.isotc211.org/2005/resources/Codelist/gmxCodelists.xml#CI_DateTypeCode" codeListValue="publication" codeSpace="ISOTC211/19115">publication</CI_DateTypeCode>
</dateType>
</CI_Date>
</date>
</CI_Citation>
</sourceCitation>
</LI_Source>
</source>
</LI_Lineage>
</lineage>
</DQ_DataQuality>
</dataQualityInfo>
<metadataConstraints>
<MD_SecurityConstraints>
<classification>
<MD_ClassificationCode codeList="http://www.isotc211.org/2005/resources/Codelist/gmxCodelists.xml#MD_ClassificationCode" codeListValue="unclassified" codeSpace="ISOTC211/19115">unclassified</MD_ClassificationCode>
</classification>
</MD_SecurityConstraints>
</metadataConstraints>
<metadataMaintenance>
<MD_MaintenanceInformation>
<maintenanceAndUpdateFrequency>
<MD_MaintenanceFrequencyCode codeList="http://www.isotc211.org/2005/resources/Codelist/gmxCodelists.xml#MD_MaintenanceFrequencyCode" codeListValue="unknown" codeSpace="ISOTC211/19115">unknown</MD_MaintenanceFrequencyCode>
</maintenanceAndUpdateFrequency>
<dateOfNextUpdate>
<gco:Date>2011-06-17</gco:Date>
</dateOfNextUpdate>
</MD_MaintenanceInformation>
</metadataMaintenance>
</MD_Metadata>
